[
 {
  "id": 1,
  "imgSrc": "images/p1.jpg",
  "title": "첫 번째 타이포 작업물",
  "desc": "첫 번째 작업에 대한 설명입니다.",
  "createdAt": "2025.00.00",
  "oddToEven": "odd",
  "kindOfWork": "typho"
 },
 {
  "id": 2,
  "imgSrc": "images/p2.jpg",
  "title": "두 번째 상세페이지 작업물",
  "desc": "두 번째 작업에 대한 설명입니다.",
  "createdAt": "2025.00.00",
  "oddToEven": "even",
  "kindOfWork": "detail"
 },
 {
  "id": 3,
  "imgSrc": "images/p3.jpg",
  "title": "세 번째 웹퍼블리싱 작업물",
  "desc": "세 번째 작업에 대한 설명입니다.",
  "createdAt": "2025.00.00",
  "oddToEven": "odd",
  "kindOfWork": "web"
 },
 {
  "id": 4,
  "imgSrc": "images/p4.jpg",
  "title": "네 번째 웹퍼블리싱 작업물",
  "desc": "네 번째 작업에 대한 설명입니다.",
  "createdAt": "2025.00.00",
  "oddToEven": "even",
  "kindOfWork": "web"
 },
 {
  "id": 5,
  "imgSrc": "images/p5.jpg",
  "title": "다섯 번째 타이포 작업물",
  "desc": "다섯 번째 작업에 대한 설명입니다.",
  "createdAt": "2025.00.00",
  "oddToEven": "odd",
  "kindOfWork": "typho"
 },
 {
  "id": 6,
  "imgSrc": "images/p6.jpg",
  "title": "여섯 번째 웹퍼블리싱 작업물",
  "desc": "여섯 번째 작업에 대한 설명입니다.",
  "createdAt": "2025.00.00",
  "oddToEven": "even",
  "kindOfWork": "web"
 },
 {
  "id": 7,
  "imgSrc": "images/p7.jpg",
  "title": "일곱 번째 상세페이지 작업물",
  "desc": "일곱 번째 작업에 대한 설명입니다.",
  "createdAt": "2025.00.00",
  "oddToEven": "odd",
  "kindOfWork": "detail"
 },
 {
  "id": 8,
  "imgSrc": "images/p8.jpg",
  "title": "여덟 번째 상세페이지 작업물",
  "desc": "여덟 번째 작업에 대한 설명입니다.",
  "createdAt": "2025.00.00",
  "oddToEven": "even",
  "kindOfWork": "detail"
 },
 {
  "id": 9,
  "imgSrc": "images/p9.jpg",
  "title": "아홉 번째 타이포 작업물",
  "desc": "아홉 번째 작업에 대한 설명입니다.",
  "createdAt": "2025.00.00",
  "oddToEven": "odd",
  "kindOfWork": "typho"
 },
 {
  "id": 10,
  "imgSrc": "images/p10.jpg",
  "title": "열 번째 상세페이지 작업물",
  "desc": "열 번째 작업에 대한 설명입니다.",
  "createdAt": "2025.00.00",
  "oddToEven": "even",
  "kindOfWork": "detail"
 },
 {
  "id": 11,
  "imgSrc": "images/p11.jpg",
  "title": "열한 번째 웹퍼블리싱 작업물",
  "desc": "열한 번째 작업에 대한 설명입니다.",
  "createdAt": "2025.00.00",
  "oddToEven": "odd",
  "kindOfWork": "web"
 },
 {
  "id": 12,
  "imgSrc": "images/p12.jpg",
  "title": "열두 번째 웹퍼블리싱 작업물",
  "desc": "열두 번째 작업에 대한 설명입니다.",
  "createdAt": "2025.00.00",
  "oddToEven": "even",
  "kindOfWork": "web"
 },
 {
  "id": 13,
  "imgSrc": "images/p13.jpg",
  "title": "열세 번째 상세페이지 작업물",
  "desc": "열세 번째 작업에 대한 설명입니다.",
  "createdAt": "2025.00.00",
  "oddToEven": "odd",
  "kindOfWork": "detail"
 },
 {
  "id": 14,
  "imgSrc": "images/p14.jpg",
  "title": "열네 번째 타이포 작업물",
  "desc": "열네 번째 작업에 대한 설명입니다.",
  "createdAt": "2025.00.00",
  "oddToEven": "even",
  "kindOfWork": "typho"
 },
 {
  "id": 15,
  "imgSrc": "images/p15.jpg",
  "title": "열다섯 번째 상세페이지 작업물",
  "desc": "열다섯 번째 작업에 대한 설명입니다.",
  "createdAt": "2025.00.00",
  "oddToEven": "odd",
  "kindOfWork": "detail"
 },
 {
  "id": 16,
  "imgSrc": "images/p16.jpg",
  "title": "열여섯 번째 상세페이지 작업물",
  "desc": "열여섯 번째 작업에 대한 설명입니다.",
  "createdAt": "2025.00.00",
  "oddToEven": "even",
  "kindOfWork": "detail"
 },
 {
  "id": 17,
  "imgSrc": "images/p17.jpg",
  "title": "열일곱 번째 웹퍼블리싱 작업물",
  "desc": "열일곱 번째 작업에 대한 설명입니다.",
  "createdAt": "2025.00.00",
  "oddToEven": "odd",
  "kindOfWork": "web"
 },
 {
  "id": 18,
  "imgSrc": "images/p18.jpg",
  "title": "열여덟 번째 타이포 작업물",
  "desc": "열여덟 번째 작업에 대한 설명입니다.",
  "createdAt": "2025.00.00",
  "oddToEven": "even",
  "kindOfWork": "typho"
 },
 {
  "id": 19,
  "imgSrc": "images/p19.jpg",
  "title": "열아홉 번째 상세페이지 작업물",
  "desc": "열아홉 번째 작업에 대한 설명입니다.",
  "createdAt": "2025.00.00",
  "oddToEven": "odd",
  "kindOfWork": "detail"
 },
 {
  "id": 20,
  "imgSrc": "images/p20.jpg",
  "title": "스무 번째 웹퍼블리싱 작업물",
  "desc": "스무 번째 작업에 대한 설명입니다.",
  "createdAt": "2025.00.00",
  "oddToEven": "even",
  "kindOfWork": "web"
 }
]
